added	bafybeidseg2wljny427tpj55kpuztq5p3ygk4lev6ax4jzbep6jhhtb5vm	minn/8876571.json
added	bafybeic5o3ghxmhyw6wrqrk3ggq3mtenctcal3xg3kwc77d7rk52ajrdla	minn/8876572.json
added	bafybeicyepw6dqfbfuufccow32ji7kczmnkxrua4phwortvqqhnqaglq7a	minn/8876573.json
added	bafybeihzqnnt37bzss6shrsphdl75f5rfj6qkb6zuxsk4kkc324ify4wye	minn/8876574.json
added	bafybeie5nejjnnltratemsppwx37pyike7xr2njldpwhifgqveu7fiapnm	minn/8876575.json
added	bafybeieeypnyvr347k74t6u5fyjslencajn7k2mitj7icwkawdhupgpway	minn/8876576.json
added	bafybeicni3hvlr4vu7yxlmahniqc5kplymqtte4lsmfp2i6aw3puwhcabe	minn/8876577.json
added	bafybeig6obenhax6gudrvr6vf6n5ip2opzwld6fyoa4tuuxw5vxbzhtdsi	minn/8876578.json
added	bafybeigv3o3xnvvs6vs7nxttwxsa5yjmzhry755qf7a7wydj72evita4vu	minn/8876579.json
added	bafybeietwbwkth7dykn2wdvcrks6uc7etd5u2mevfgmkdxcfm2nl3bfmha	minn/887658.json
added	bafybeifsypejnuijgtfmqfjvl2ncyxhsctcedqr5dy5zaktrwnnkoc6cru	minn/8876580.json
added	bafybeiana6ut4hgd2zzhfam4bchi4wdnshjvegjfnk3ozmjb6yoq35dlwq	minn/8876581.json
added	bafybeih7ykcau4qocgpj2hjecnkcoqbvt35v2f5ospxe4xbapegzmpcia4	minn/8876582.json
added	bafybeidseg2wljny427tpj55kpuztq5p3ygk4lev6ax4jzbep6jhhtb5vm	minn/8876571.json
added	bafybeic5o3ghxmhyw6wrqrk3ggq3mtenctcal3xg3kwc77d7rk52ajrdla	minn/8876572.json
added	bafybeicyepw6dqfbfuufccow32ji7kczmnkxrua4phwortvqqhnqaglq7a	minn/8876573.json
added	bafybeihzqnnt37bzss6shrsphdl75f5rfj6qkb6zuxsk4kkc324ify4wye	minn/8876574.json
added	bafybeie5nejjnnltratemsppwx37pyike7xr2njldpwhifgqveu7fiapnm	minn/8876575.json
added	bafybeieeypnyvr347k74t6u5fyjslencajn7k2mitj7icwkawdhupgpway	minn/8876576.json
